Index,Titles
1,탑건: 매버릭
2,마녀(魔女) Part2. The Other One
3,범죄도시2
4,브로커
5,헤어질 결심
6,닥터 스트레인지: 대혼돈의 멀티버스
7,버즈 라이트이어
8,쥬라기 월드: 도미니언
9,토르: 러브 앤 썬더
10,탑건
11,실종
12,그대가 조국
13,니얼굴
14,룸 쉐어링
15,극장판 윌벤져스 : 수상한 캠핑 대소동
16,외계+인 1부
17,헌트
18,한산: 용의 출현
19,두개의 눈
20,스파이더헤드
21,극장판 포켓몬스터DP: 기라티나와 하늘의 꽃다발 쉐이미
22,미친 능력
23,더 킬러: 죽어도 되는 아이
24,마녀
25,디어 헌터
26,니 부모 얼굴이 보고 싶다
27,극장판 주술회전 0
28,모어
29,미니언즈2
30,뒤틀린 집
31,컴온 컴온
32,리멤버 미
33,비상선언
34,아부쟁이
35,개들의 도시
36,카시오페아
37,엘비스
38,감동주의보
39,민스미트 작전
40,신비한 동물들과 덤블도어의 비밀
41,고스트랜드
42,경아의 딸
43,센티그레이드
44,잭 인 더 박스
45,앵커
46,그레이 맨
47,더 렛지
48,모비우스
49,우스운게 딱! 좋아!
50,큐브
